﻿[
    {
        "type":  "bitmap",
        "file":  "font/ui/frame.png",
        "ascent":  16,
        "height":  16,
        "chars":  [
                      ""
                  ]
    },
    {
        "type":  "bitmap",
        "file":  "font/ui/default_icon.png",
        "ascent":  16,
        "height":  16,
        "chars":  [
                      ""
                  ]
    },
    {
        "ascent":  16,
        "height":  16,
        "file":  "font/items_comp/apple.png",
        "type":  "bitmap",
        "chars":  [
                      "\\uE200"
                  ]
    },
    {
        "ascent":  16,
        "height":  16,
        "file":  "font/items_comp/armor_stand.png",
        "type":  "bitmap",
        "chars":  [
                      "\\uE201"
                  ]
    },
    {
        "ascent":  16,
        "height":  16,
        "file":  "font/items_comp/arrow.png",
        "type":  "bitmap",
        "chars":  [
                      "\\uE202"
                  ]
    },
    {
        "ascent":  16,
        "height":  16,
        "file":  "font/items_comp/baked_potato.png",
        "type":  "bitmap",
        "chars":  [
                      "\\uE203"
                  ]
    },
    {
        "ascent":  16,
        "height":  16,
        "file":  "font/items_comp/barrier.png",
        "type":  "bitmap",
        "chars":  [
                      "\\uE204"
                  ]
    },
    {
        "ascent":  16,
        "height":  16,
        "file":  "font/items_comp/beef.png",
        "type":  "bitmap",
        "chars":  [
                      "\\uE205"
                  ]
    },
    {
        "ascent":  16,
        "height":  16,
        "file":  "font/items_comp/black_dye.png",
        "type":  "bitmap",
        "chars":  [
                      "\\uE206"
                  ]
    },
    {
        "ascent":  16,
        "height":  16,
        "file":  "font/items_comp/blaze_powder.png",
        "type":  "bitmap",
        "chars":  [
                      "\\uE207"
                  ]
    },
    {
        "ascent":  16,
        "height":  16,
        "file":  "font/items_comp/blaze_rod.png",
        "type":  "bitmap",
        "chars":  [
                      "\\uE208"
                  ]
    },
    {
        "ascent":  16,
        "height":  16,
        "file":  "font/items_comp/blue_dye.png",
        "type":  "bitmap",
        "chars":  [
                      "\\uE209"
                  ]
    },
    {
        "ascent":  16,
        "height":  16,
        "file":  "font/items_comp/bone.png",
        "type":  "bitmap",
        "chars":  [
                      "\\uE20A"
                  ]
    },
    {
        "ascent":  16,
        "height":  16,
        "file":  "font/items_comp/book.png",
        "type":  "bitmap",
        "chars":  [
                      "\\uE20B"
                  ]
    },
    {
        "ascent":  16,
        "height":  16,
        "file":  "font/items_comp/bow.png",
        "type":  "bitmap",
        "chars":  [
                      "\\uE20C"
                  ]
    },
    {
        "ascent":  16,
        "height":  16,
        "file":  "font/items_comp/bow_pulling_0.png",
        "type":  "bitmap",
        "chars":  [
                      "\\uE20D"
                  ]
    },
    {
        "ascent":  16,
        "height":  16,
        "file":  "font/items_comp/bow_pulling_1.png",
        "type":  "bitmap",
        "chars":  [
                      "\\uE20E"
                  ]
    },
    {
        "ascent":  16,
        "height":  16,
        "file":  "font/items_comp/bow_pulling_2.png",
        "type":  "bitmap",
        "chars":  [
                      "\\uE20F"
                  ]
    },
    {
        "ascent":  16,
        "height":  16,
        "file":  "font/items_comp/bowl.png",
        "type":  "bitmap",
        "chars":  [
                      "\\uE210"
                  ]
    },
    {
        "ascent":  16,
        "height":  16,
        "file":  "font/items_comp/bread.png",
        "type":  "bitmap",
        "chars":  [
                      "\\uE211"
                  ]
    },
    {
        "ascent":  16,
        "height":  16,
        "file":  "font/items_comp/brewing_stand.png",
        "type":  "bitmap",
        "chars":  [
                      "\\uE212"
                  ]
    },
    {
        "ascent":  16,
        "height":  16,
        "file":  "font/items_comp/brown_dye.png",
        "type":  "bitmap",
        "chars":  [
                      "\\uE213"
                  ]
    },
    {
        "ascent":  16,
        "height":  16,
        "file":  "font/items_comp/bucket.png",
        "type":  "bitmap",
        "chars":  [
                      "\\uE214"
                  ]
    },
    {
        "ascent":  16,
        "height":  16,
        "file":  "font/items_comp/cake.png",
        "type":  "bitmap",
        "chars":  [
                      "\\uE215"
                  ]
    },
    {
        "ascent":  16,
        "height":  16,
        "file":  "font/items_comp/carrot.png",
        "type":  "bitmap",
        "chars":  [
                      "\\uE216"
                  ]
    },
    {
        "ascent":  16,
        "height":  16,
        "file":  "font/items_comp/carrot_on_a_stick.png",
        "type":  "bitmap",
        "chars":  [
                      "\\uE217"
                  ]
    },
    {
        "ascent":  16,
        "height":  16,
        "file":  "font/items_comp/cauldron.png",
        "type":  "bitmap",
        "chars":  [
                      "\\uE218"
                  ]
    },
    {
        "ascent":  16,
        "height":  16,
        "file":  "font/items_comp/chainmail_boots.png",
        "type":  "bitmap",
        "chars":  [
                      "\\uE219"
                  ]
    },
    {
        "ascent":  16,
        "height":  16,
        "file":  "font/items_comp/chainmail_chestplate.png",
        "type":  "bitmap",
        "chars":  [
                      "\\uE21A"
                  ]
    },
    {
        "ascent":  16,
        "height":  16,
        "file":  "font/items_comp/chainmail_helmet.png",
        "type":  "bitmap",
        "chars":  [
                      "\\uE21B"
                  ]
    },
    {
        "ascent":  16,
        "height":  16,
        "file":  "font/items_comp/chainmail_leggings.png",
        "type":  "bitmap",
        "chars":  [
                      "\\uE21C"
                  ]
    },
    {
        "ascent":  16,
        "height":  16,
        "file":  "font/items_comp/charcoal.png",
        "type":  "bitmap",
        "chars":  [
                      "\\uE21D"
                  ]
    },
    {
        "ascent":  16,
        "height":  16,
        "file":  "font/items_comp/chest_minecart.png",
        "type":  "bitmap",
        "chars":  [
                      "\\uE21E"
                  ]
    },
    {
        "ascent":  16,
        "height":  16,
        "file":  "font/items_comp/chicken.png",
        "type":  "bitmap",
        "chars":  [
                      "\\uE21F"
                  ]
    },
    {
        "ascent":  16,
        "height":  16,
        "file":  "font/items_comp/clay_ball.png",
        "type":  "bitmap",
        "chars":  [
                      "\\uE220"
                  ]
    },
    {
        "ascent":  16,
        "height":  16,
        "file":  "font/items_comp/clock.png",
        "type":  "bitmap",
        "chars":  [
                      "\\uE221"
                  ]
    },
    {
        "ascent":  16,
        "height":  16,
        "file":  "font/items_comp/coal.png",
        "type":  "bitmap",
        "chars":  [
                      "\\uE222"
                  ]
    },
    {
        "ascent":  16,
        "height":  16,
        "file":  "font/items_comp/cod.png",
        "type":  "bitmap",
        "chars":  [
                      "\\uE223"
                  ]
    },
    {
        "ascent":  16,
        "height":  16,
        "file":  "font/items_comp/command_block_minecart.png",
        "type":  "bitmap",
        "chars":  [
                      "\\uE224"
                  ]
    },
    {
        "ascent":  16,
        "height":  16,
        "file":  "font/items_comp/comparator.png",
        "type":  "bitmap",
        "chars":  [
                      "\\uE225"
                  ]
    },
    {
        "ascent":  16,
        "height":  16,
        "file":  "font/items_comp/compass.png",
        "type":  "bitmap",
        "chars":  [
                      "\\uE226"
                  ]
    },
    {
        "ascent":  16,
        "height":  16,
        "file":  "font/items_comp/cooked_beef.png",
        "type":  "bitmap",
        "chars":  [
                      "\\uE227"
                  ]
    },
    {
        "ascent":  16,
        "height":  16,
        "file":  "font/items_comp/cooked_chicken.png",
        "type":  "bitmap",
        "chars":  [
                      "\\uE228"
                  ]
    },
    {
        "ascent":  16,
        "height":  16,
        "file":  "font/items_comp/cooked_cod.png",
        "type":  "bitmap",
        "chars":  [
                      "\\uE229"
                  ]
    },
    {
        "ascent":  16,
        "height":  16,
        "file":  "font/items_comp/cooked_mutton.png",
        "type":  "bitmap",
        "chars":  [
                      "\\uE22A"
                  ]
    },
    {
        "ascent":  16,
        "height":  16,
        "file":  "font/items_comp/cooked_porkchop.png",
        "type":  "bitmap",
        "chars":  [
                      "\\uE22B"
                  ]
    },
    {
        "ascent":  16,
        "height":  16,
        "file":  "font/items_comp/cooked_rabbit.png",
        "type":  "bitmap",
        "chars":  [
                      "\\uE22C"
                  ]
    },
    {
        "ascent":  16,
        "height":  16,
        "file":  "font/items_comp/cooked_salmon.png",
        "type":  "bitmap",
        "chars":  [
                      "\\uE22D"
                  ]
    },
    {
        "ascent":  16,
        "height":  16,
        "file":  "font/items_comp/cookie.png",
        "type":  "bitmap",
        "chars":  [
                      "\\uE22E"
                  ]
    },
    {
        "ascent":  16,
        "height":  16,
        "file":  "font/items_comp/crossbow_arrow.png",
        "type":  "bitmap",
        "chars":  [
                      "\\uE22F"
                  ]
    },
    {
        "ascent":  16,
        "height":  16,
        "file":  "font/items_comp/crossbow_firework.png",
        "type":  "bitmap",
        "chars":  [
                      "\\uE230"
                  ]
    },
    {
        "ascent":  16,
        "height":  16,
        "file":  "font/items_comp/crossbow_pulling_0.png",
        "type":  "bitmap",
        "chars":  [
                      "\\uE231"
                  ]
    },
    {
        "ascent":  16,
        "height":  16,
        "file":  "font/items_comp/crossbow_pulling_1.png",
        "type":  "bitmap",
        "chars":  [
                      "\\uE232"
                  ]
    },
    {
        "ascent":  16,
        "height":  16,
        "file":  "font/items_comp/crossbow_pulling_2.png",
        "type":  "bitmap",
        "chars":  [
                      "\\uE233"
                  ]
    },
    {
        "ascent":  16,
        "height":  16,
        "file":  "font/items_comp/crossbow_standby.png",
        "type":  "bitmap",
        "chars":  [
                      "\\uE234"
                  ]
    },
    {
        "ascent":  16,
        "height":  16,
        "file":  "font/items_comp/cyan_dye.png",
        "type":  "bitmap",
        "chars":  [
                      "\\uE235"
                  ]
    },
    {
        "ascent":  16,
        "height":  16,
        "file":  "font/items_comp/diamond.png",
        "type":  "bitmap",
        "chars":  [
                      "\\uE236"
                  ]
    },
    {
        "ascent":  16,
        "height":  16,
        "file":  "font/items_comp/diamond_axe.png",
        "type":  "bitmap",
        "chars":  [
                      "\\uE237"
                  ]
    },
    {
        "ascent":  16,
        "height":  16,
        "file":  "font/items_comp/diamond_boots.png",
        "type":  "bitmap",
        "chars":  [
                      "\\uE238"
                  ]
    },
    {
        "ascent":  16,
        "height":  16,
        "file":  "font/items_comp/diamond_chestplate.png",
        "type":  "bitmap",
        "chars":  [
                      "\\uE239"
                  ]
    },
    {
        "ascent":  16,
        "height":  16,
        "file":  "font/items_comp/diamond_helmet.png",
        "type":  "bitmap",
        "chars":  [
                      "\\uE23A"
                  ]
    },
    {
        "ascent":  16,
        "height":  16,
        "file":  "font/items_comp/diamond_hoe.png",
        "type":  "bitmap",
        "chars":  [
                      "\\uE23B"
                  ]
    },
    {
        "ascent":  16,
        "height":  16,
        "file":  "font/items_comp/diamond_horse_armor.png",
        "type":  "bitmap",
        "chars":  [
                      "\\uE23C"
                  ]
    },
    {
        "ascent":  16,
        "height":  16,
        "file":  "font/items_comp/diamond_leggings.png",
        "type":  "bitmap",
        "chars":  [
                      "\\uE23D"
                  ]
    },
    {
        "ascent":  16,
        "height":  16,
        "file":  "font/items_comp/diamond_pickaxe.png",
        "type":  "bitmap",
        "chars":  [
                      "\\uE23E"
                  ]
    },
    {
        "ascent":  16,
        "height":  16,
        "file":  "font/items_comp/diamond_shovel.png",
        "type":  "bitmap",
        "chars":  [
                      "\\uE23F"
                  ]
    },
    {
        "ascent":  16,
        "height":  16,
        "file":  "font/items_comp/diamond_sword.png",
        "type":  "bitmap",
        "chars":  [
                      "\\uE240"
                  ]
    },
    {
        "ascent":  16,
        "height":  16,
        "file":  "font/items_comp/egg.png",
        "type":  "bitmap",
        "chars":  [
                      "\\uE241"
                  ]
    },
    {
        "ascent":  16,
        "height":  16,
        "file":  "font/items_comp/emerald.png",
        "type":  "bitmap",
        "chars":  [
                      "\\uE242"
                  ]
    },
    {
        "ascent":  16,
        "height":  16,
        "file":  "font/items_comp/empty_armor_slot_boots.png",
        "type":  "bitmap",
        "chars":  [
                      "\\uE243"
                  ]
    },
    {
        "ascent":  16,
        "height":  16,
        "file":  "font/items_comp/empty_armor_slot_chestplate.png",
        "type":  "bitmap",
        "chars":  [
                      "\\uE244"
                  ]
    },
    {
        "ascent":  16,
        "height":  16,
        "file":  "font/items_comp/empty_armor_slot_helmet.png",
        "type":  "bitmap",
        "chars":  [
                      "\\uE245"
                  ]
    },
    {
        "ascent":  16,
        "height":  16,
        "file":  "font/items_comp/empty_armor_slot_leggings.png",
        "type":  "bitmap",
        "chars":  [
                      "\\uE246"
                  ]
    },
    {
        "ascent":  16,
        "height":  16,
        "file":  "font/items_comp/empty_armor_slot_shield.png",
        "type":  "bitmap",
        "chars":  [
                      "\\uE247"
                  ]
    },
    {
        "ascent":  16,
        "height":  16,
        "file":  "font/items_comp/enchanted_book.png",
        "type":  "bitmap",
        "chars":  [
                      "\\uE248"
                  ]
    },
    {
        "ascent":  16,
        "height":  16,
        "file":  "font/items_comp/ender_eye.png",
        "type":  "bitmap",
        "chars":  [
                      "\\uE249"
                  ]
    },
    {
        "ascent":  16,
        "height":  16,
        "file":  "font/items_comp/ender_pearl.png",
        "type":  "bitmap",
        "chars":  [
                      "\\uE24A"
                  ]
    },
    {
        "ascent":  16,
        "height":  16,
        "file":  "font/items_comp/experience_bottle.png",
        "type":  "bitmap",
        "chars":  [
                      "\\uE24B"
                  ]
    },
    {
        "ascent":  16,
        "height":  16,
        "file":  "font/items_comp/feather.png",
        "type":  "bitmap",
        "chars":  [
                      "\\uE24C"
                  ]
    },
    {
        "ascent":  16,
        "height":  16,
        "file":  "font/items_comp/fermented_spider_eye.png",
        "type":  "bitmap",
        "chars":  [
                      "\\uE24D"
                  ]
    },
    {
        "ascent":  16,
        "height":  16,
        "file":  "font/items_comp/filled_map.png",
        "type":  "bitmap",
        "chars":  [
                      "\\uE24E"
                  ]
    },
    {
        "ascent":  16,
        "height":  16,
        "file":  "font/items_comp/fire_charge.png",
        "type":  "bitmap",
        "chars":  [
                      "\\uE24F"
                  ]
    },
    {
        "ascent":  16,
        "height":  16,
        "file":  "font/items_comp/firework_rocket.png",
        "type":  "bitmap",
        "chars":  [
                      "\\uE250"
                  ]
    },
    {
        "ascent":  16,
        "height":  16,
        "file":  "font/items_comp/firework_star.png",
        "type":  "bitmap",
        "chars":  [
                      "\\uE251"
                  ]
    },
    {
        "ascent":  16,
        "height":  16,
        "file":  "font/items_comp/firework_star_overlay.png",
        "type":  "bitmap",
        "chars":  [
                      "\\uE252"
                  ]
    },
    {
        "ascent":  16,
        "height":  16,
        "file":  "font/items_comp/fishing_rod.png",
        "type":  "bitmap",
        "chars":  [
                      "\\uE253"
                  ]
    },
    {
        "ascent":  16,
        "height":  16,
        "file":  "font/items_comp/fishing_rod_cast.png",
        "type":  "bitmap",
        "chars":  [
                      "\\uE254"
                  ]
    },
    {
        "ascent":  16,
        "height":  16,
        "file":  "font/items_comp/flint.png",
        "type":  "bitmap",
        "chars":  [
                      "\\uE255"
                  ]
    },
    {
        "ascent":  16,
        "height":  16,
        "file":  "font/items_comp/flint_and_steel.png",
        "type":  "bitmap",
        "chars":  [
                      "\\uE256"
                  ]
    },
    {
        "ascent":  16,
        "height":  16,
        "file":  "font/items_comp/flower_pot.png",
        "type":  "bitmap",
        "chars":  [
                      "\\uE257"
                  ]
    },
    {
        "ascent":  16,
        "height":  16,
        "file":  "font/items_comp/furnace_minecart.png",
        "type":  "bitmap",
        "chars":  [
                      "\\uE258"
                  ]
    },
    {
        "ascent":  16,
        "height":  16,
        "file":  "font/items_comp/ghast_tear.png",
        "type":  "bitmap",
        "chars":  [
                      "\\uE259"
                  ]
    },
    {
        "ascent":  16,
        "height":  16,
        "file":  "font/items_comp/glistering_melon_slice.png",
        "type":  "bitmap",
        "chars":  [
                      "\\uE25A"
                  ]
    },
    {
        "ascent":  16,
        "height":  16,
        "file":  "font/items_comp/glowstone_dust.png",
        "type":  "bitmap",
        "chars":  [
                      "\\uE25B"
                  ]
    },
    {
        "ascent":  16,
        "height":  16,
        "file":  "font/items_comp/gold_ingot.png",
        "type":  "bitmap",
        "chars":  [
                      "\\uE25C"
                  ]
    },
    {
        "ascent":  16,
        "height":  16,
        "file":  "font/items_comp/gold_nugget.png",
        "type":  "bitmap",
        "chars":  [
                      "\\uE25D"
                  ]
    },
    {
        "ascent":  16,
        "height":  16,
        "file":  "font/items_comp/golden_apple.png",
        "type":  "bitmap",
        "chars":  [
                      "\\uE25E"
                  ]
    },
    {
        "ascent":  16,
        "height":  16,
        "file":  "font/items_comp/golden_axe.png",
        "type":  "bitmap",
        "chars":  [
                      "\\uE25F"
                  ]
    },
    {
        "ascent":  16,
        "height":  16,
        "file":  "font/items_comp/golden_boots.png",
        "type":  "bitmap",
        "chars":  [
                      "\\uE260"
                  ]
    },
    {
        "ascent":  16,
        "height":  16,
        "file":  "font/items_comp/golden_carrot.png",
        "type":  "bitmap",
        "chars":  [
                      "\\uE261"
                  ]
    },
    {
        "ascent":  16,
        "height":  16,
        "file":  "font/items_comp/golden_chestplate.png",
        "type":  "bitmap",
        "chars":  [
                      "\\uE262"
                  ]
    },
    {
        "ascent":  16,
        "height":  16,
        "file":  "font/items_comp/golden_helmet.png",
        "type":  "bitmap",
        "chars":  [
                      "\\uE263"
                  ]
    },
    {
        "ascent":  16,
        "height":  16,
        "file":  "font/items_comp/golden_hoe.png",
        "type":  "bitmap",
        "chars":  [
                      "\\uE264"
                  ]
    },
    {
        "ascent":  16,
        "height":  16,
        "file":  "font/items_comp/golden_horse_armor.png",
        "type":  "bitmap",
        "chars":  [
                      "\\uE265"
                  ]
    },
    {
        "ascent":  16,
        "height":  16,
        "file":  "font/items_comp/golden_leggings.png",
        "type":  "bitmap",
        "chars":  [
                      "\\uE266"
                  ]
    },
    {
        "ascent":  16,
        "height":  16,
        "file":  "font/items_comp/golden_pickaxe.png",
        "type":  "bitmap",
        "chars":  [
                      "\\uE267"
                  ]
    },
    {
        "ascent":  16,
        "height":  16,
        "file":  "font/items_comp/golden_shovel.png",
        "type":  "bitmap",
        "chars":  [
                      "\\uE268"
                  ]
    },
    {
        "ascent":  16,
        "height":  16,
        "file":  "font/items_comp/golden_sword.png",
        "type":  "bitmap",
        "chars":  [
                      "\\uE269"
                  ]
    },
    {
        "ascent":  16,
        "height":  16,
        "file":  "font/items_comp/gray_dye.png",
        "type":  "bitmap",
        "chars":  [
                      "\\uE26A"
                  ]
    },
    {
        "ascent":  16,
        "height":  16,
        "file":  "font/items_comp/green_dye.png",
        "type":  "bitmap",
        "chars":  [
                      "\\uE26B"
                  ]
    },
    {
        "ascent":  16,
        "height":  16,
        "file":  "font/items_comp/gunpowder.png",
        "type":  "bitmap",
        "chars":  [
                      "\\uE26C"
                  ]
    },
    {
        "ascent":  16,
        "height":  16,
        "file":  "font/items_comp/hopper.png",
        "type":  "bitmap",
        "chars":  [
                      "\\uE26D"
                  ]
    },
    {
        "ascent":  16,
        "height":  16,
        "file":  "font/items_comp/hopper_minecart.png",
        "type":  "bitmap",
        "chars":  [
                      "\\uE26E"
                  ]
    },
    {
        "ascent":  16,
        "height":  16,
        "file":  "font/items_comp/iron_axe.png",
        "type":  "bitmap",
        "chars":  [
                      "\\uE26F"
                  ]
    },
    {
        "ascent":  16,
        "height":  16,
        "file":  "font/items_comp/iron_boots.png",
        "type":  "bitmap",
        "chars":  [
                      "\\uE270"
                  ]
    },
    {
        "ascent":  16,
        "height":  16,
        "file":  "font/items_comp/iron_chestplate.png",
        "type":  "bitmap",
        "chars":  [
                      "\\uE271"
                  ]
    },
    {
        "ascent":  16,
        "height":  16,
        "file":  "font/items_comp/iron_helmet.png",
        "type":  "bitmap",
        "chars":  [
                      "\\uE272"
                  ]
    },
    {
        "ascent":  16,
        "height":  16,
        "file":  "font/items_comp/iron_hoe.png",
        "type":  "bitmap",
        "chars":  [
                      "\\uE273"
                  ]
    },
    {
        "ascent":  16,
        "height":  16,
        "file":  "font/items_comp/iron_horse_armor.png",
        "type":  "bitmap",
        "chars":  [
                      "\\uE274"
                  ]
    },
    {
        "ascent":  16,
        "height":  16,
        "file":  "font/items_comp/iron_ingot.png",
        "type":  "bitmap",
        "chars":  [
                      "\\uE275"
                  ]
    },
    {
        "ascent":  16,
        "height":  16,
        "file":  "font/items_comp/iron_leggings.png",
        "type":  "bitmap",
        "chars":  [
                      "\\uE276"
                  ]
    },
    {
        "ascent":  16,
        "height":  16,
        "file":  "font/items_comp/iron_pickaxe.png",
        "type":  "bitmap",
        "chars":  [
                      "\\uE277"
                  ]
    },
    {
        "ascent":  16,
        "height":  16,
        "file":  "font/items_comp/iron_shovel.png",
        "type":  "bitmap",
        "chars":  [
                      "\\uE278"
                  ]
    },
    {
        "ascent":  16,
        "height":  16,
        "file":  "font/items_comp/iron_sword.png",
        "type":  "bitmap",
        "chars":  [
                      "\\uE279"
                  ]
    },
    {
        "ascent":  16,
        "height":  16,
        "file":  "font/items_comp/item_frame.png",
        "type":  "bitmap",
        "chars":  [
                      "\\uE27A"
                  ]
    },
    {
        "ascent":  16,
        "height":  16,
        "file":  "font/items_comp/lava_bucket.png",
        "type":  "bitmap",
        "chars":  [
                      "\\uE27B"
                  ]
    },
    {
        "ascent":  16,
        "height":  16,
        "file":  "font/items_comp/lead.png",
        "type":  "bitmap",
        "chars":  [
                      "\\uE27C"
                  ]
    },
    {
        "ascent":  16,
        "height":  16,
        "file":  "font/items_comp/leather.png",
        "type":  "bitmap",
        "chars":  [
                      "\\uE27D"
                  ]
    },
    {
        "ascent":  16,
        "height":  16,
        "file":  "font/items_comp/leather_boots.png",
        "type":  "bitmap",
        "chars":  [
                      "\\uE27E"
                  ]
    },
    {
        "ascent":  16,
        "height":  16,
        "file":  "font/items_comp/leather_boots_overlay.png",
        "type":  "bitmap",
        "chars":  [
                      "\\uE27F"
                  ]
    },
    {
        "ascent":  16,
        "height":  16,
        "file":  "font/items_comp/leather_chestplate.png",
        "type":  "bitmap",
        "chars":  [
                      "\\uE280"
                  ]
    },
    {
        "ascent":  16,
        "height":  16,
        "file":  "font/items_comp/leather_chestplate_overlay.png",
        "type":  "bitmap",
        "chars":  [
                      "\\uE281"
                  ]
    },
    {
        "ascent":  16,
        "height":  16,
        "file":  "font/items_comp/leather_helmet.png",
        "type":  "bitmap",
        "chars":  [
                      "\\uE282"
                  ]
    },
    {
        "ascent":  16,
        "height":  16,
        "file":  "font/items_comp/leather_helmet_overlay.png",
        "type":  "bitmap",
        "chars":  [
                      "\\uE283"
                  ]
    },
    {
        "ascent":  16,
        "height":  16,
        "file":  "font/items_comp/leather_leggings.png",
        "type":  "bitmap",
        "chars":  [
                      "\\uE284"
                  ]
    },
    {
        "ascent":  16,
        "height":  16,
        "file":  "font/items_comp/leather_leggings_overlay.png",
        "type":  "bitmap",
        "chars":  [
                      "\\uE285"
                  ]
    },
    {
        "ascent":  16,
        "height":  16,
        "file":  "font/items_comp/light_blue_dye.png",
        "type":  "bitmap",
        "chars":  [
                      "\\uE286"
                  ]
    },
    {
        "ascent":  16,
        "height":  16,
        "file":  "font/items_comp/light_gray_dye.png",
        "type":  "bitmap",
        "chars":  [
                      "\\uE287"
                  ]
    },
    {
        "ascent":  16,
        "height":  16,
        "file":  "font/items_comp/lime_dye.png",
        "type":  "bitmap",
        "chars":  [
                      "\\uE288"
                  ]
    },
    {
        "ascent":  16,
        "height":  16,
        "file":  "font/items_comp/lingering_potion.png",
        "type":  "bitmap",
        "chars":  [
                      "\\uE289"
                  ]
    },
    {
        "ascent":  16,
        "height":  16,
        "file":  "font/items_comp/magenta_dye.png",
        "type":  "bitmap",
        "chars":  [
                      "\\uE28A"
                  ]
    },
    {
        "ascent":  16,
        "height":  16,
        "file":  "font/items_comp/magma_cream.png",
        "type":  "bitmap",
        "chars":  [
                      "\\uE28B"
                  ]
    },
    {
        "ascent":  16,
        "height":  16,
        "file":  "font/items_comp/map.png",
        "type":  "bitmap",
        "chars":  [
                      "\\uE28C"
                  ]
    },
    {
        "ascent":  16,
        "height":  16,
        "file":  "font/items_comp/melon_seeds.png",
        "type":  "bitmap",
        "chars":  [
                      "\\uE28D"
                  ]
    },
    {
        "ascent":  16,
        "height":  16,
        "file":  "font/items_comp/melon_slice.png",
        "type":  "bitmap",
        "chars":  [
                      "\\uE28E"
                  ]
    },
    {
        "ascent":  16,
        "height":  16,
        "file":  "font/items_comp/milk_bucket.png",
        "type":  "bitmap",
        "chars":  [
                      "\\uE28F"
                  ]
    },
    {
        "ascent":  16,
        "height":  16,
        "file":  "font/items_comp/minecart.png",
        "type":  "bitmap",
        "chars":  [
                      "\\uE290"
                  ]
    },
    {
        "ascent":  16,
        "height":  16,
        "file":  "font/items_comp/mushroom_stew.png",
        "type":  "bitmap",
        "chars":  [
                      "\\uE291"
                  ]
    },
    {
        "ascent":  16,
        "height":  16,
        "file":  "font/items_comp/music_disc_11.png",
        "type":  "bitmap",
        "chars":  [
                      "\\uE292"
                  ]
    },
    {
        "ascent":  16,
        "height":  16,
        "file":  "font/items_comp/music_disc_13.png",
        "type":  "bitmap",
        "chars":  [
                      "\\uE293"
                  ]
    },
    {
        "ascent":  16,
        "height":  16,
        "file":  "font/items_comp/music_disc_blocks.png",
        "type":  "bitmap",
        "chars":  [
                      "\\uE294"
                  ]
    },
    {
        "ascent":  16,
        "height":  16,
        "file":  "font/items_comp/music_disc_cat.png",
        "type":  "bitmap",
        "chars":  [
                      "\\uE295"
                  ]
    },
    {
        "ascent":  16,
        "height":  16,
        "file":  "font/items_comp/music_disc_chirp.png",
        "type":  "bitmap",
        "chars":  [
                      "\\uE296"
                  ]
    },
    {
        "ascent":  16,
        "height":  16,
        "file":  "font/items_comp/music_disc_far.png",
        "type":  "bitmap",
        "chars":  [
                      "\\uE297"
                  ]
    },
    {
        "ascent":  16,
        "height":  16,
        "file":  "font/items_comp/music_disc_mall.png",
        "type":  "bitmap",
        "chars":  [
                      "\\uE298"
                  ]
    },
    {
        "ascent":  16,
        "height":  16,
        "file":  "font/items_comp/music_disc_mellohi.png",
        "type":  "bitmap",
        "chars":  [
                      "\\uE299"
                  ]
    },
    {
        "ascent":  16,
        "height":  16,
        "file":  "font/items_comp/music_disc_stal.png",
        "type":  "bitmap",
        "chars":  [
                      "\\uE29A"
                  ]
    },
    {
        "ascent":  16,
        "height":  16,
        "file":  "font/items_comp/music_disc_strad.png",
        "type":  "bitmap",
        "chars":  [
                      "\\uE29B"
                  ]
    },
    {
        "ascent":  16,
        "height":  16,
        "file":  "font/items_comp/music_disc_wait.png",
        "type":  "bitmap",
        "chars":  [
                      "\\uE29C"
                  ]
    },
    {
        "ascent":  16,
        "height":  16,
        "file":  "font/items_comp/music_disc_ward.png",
        "type":  "bitmap",
        "chars":  [
                      "\\uE29D"
                  ]
    },
    {
        "ascent":  16,
        "height":  16,
        "file":  "font/items_comp/mutton.png",
        "type":  "bitmap",
        "chars":  [
                      "\\uE29E"
                  ]
    },
    {
        "ascent":  16,
        "height":  16,
        "file":  "font/items_comp/name_tag.png",
        "type":  "bitmap",
        "chars":  [
                      "\\uE29F"
                  ]
    },
    {
        "ascent":  16,
        "height":  16,
        "file":  "font/items_comp/nether_brick.png",
        "type":  "bitmap",
        "chars":  [
                      "\\uE2A0"
                  ]
    },
    {
        "ascent":  16,
        "height":  16,
        "file":  "font/items_comp/nether_star.png",
        "type":  "bitmap",
        "chars":  [
                      "\\uE2A1"
                  ]
    },
    {
        "ascent":  16,
        "height":  16,
        "file":  "font/items_comp/nether_wart.png",
        "type":  "bitmap",
        "chars":  [
                      "\\uE2A2"
                  ]
    },
    {
        "ascent":  16,
        "height":  16,
        "file":  "font/items_comp/orange_dye.png",
        "type":  "bitmap",
        "chars":  [
                      "\\uE2A3"
                  ]
    },
    {
        "ascent":  16,
        "height":  16,
        "file":  "font/items_comp/painting.png",
        "type":  "bitmap",
        "chars":  [
                      "\\uE2A4"
                  ]
    },
    {
        "ascent":  16,
        "height":  16,
        "file":  "font/items_comp/paper.png",
        "type":  "bitmap",
        "chars":  [
                      "\\uE2A5"
                  ]
    },
    {
        "ascent":  16,
        "height":  16,
        "file":  "font/items_comp/pink_dye.png",
        "type":  "bitmap",
        "chars":  [
                      "\\uE2A6"
                  ]
    },
    {
        "ascent":  16,
        "height":  16,
        "file":  "font/items_comp/poisonous_potato.png",
        "type":  "bitmap",
        "chars":  [
                      "\\uE2A7"
                  ]
    },
    {
        "ascent":  16,
        "height":  16,
        "file":  "font/items_comp/porkchop.png",
        "type":  "bitmap",
        "chars":  [
                      "\\uE2A8"
                  ]
    },
    {
        "ascent":  16,
        "height":  16,
        "file":  "font/items_comp/potato.png",
        "type":  "bitmap",
        "chars":  [
                      "\\uE2A9"
                  ]
    },
    {
        "ascent":  16,
        "height":  16,
        "file":  "font/items_comp/potion.png",
        "type":  "bitmap",
        "chars":  [
                      "\\uE2AA"
                  ]
    },
    {
        "ascent":  16,
        "height":  16,
        "file":  "font/items_comp/potion_overlay.png",
        "type":  "bitmap",
        "chars":  [
                      "\\uE2AB"
                  ]
    },
    {
        "ascent":  16,
        "height":  16,
        "file":  "font/items_comp/prismarine_crystals.png",
        "type":  "bitmap",
        "chars":  [
                      "\\uE2AC"
                  ]
    },
    {
        "ascent":  16,
        "height":  16,
        "file":  "font/items_comp/prismarine_shard.png",
        "type":  "bitmap",
        "chars":  [
                      "\\uE2AD"
                  ]
    },
    {
        "ascent":  16,
        "height":  16,
        "file":  "font/items_comp/pufferfish.png",
        "type":  "bitmap",
        "chars":  [
                      "\\uE2AE"
                  ]
    },
    {
        "ascent":  16,
        "height":  16,
        "file":  "font/items_comp/pumpkin_pie.png",
        "type":  "bitmap",
        "chars":  [
                      "\\uE2AF"
                  ]
    },
    {
        "ascent":  16,
        "height":  16,
        "file":  "font/items_comp/pumpkin_seeds.png",
        "type":  "bitmap",
        "chars":  [
                      "\\uE2B0"
                  ]
    },
    {
        "ascent":  16,
        "height":  16,
        "file":  "font/items_comp/purple_dye.png",
        "type":  "bitmap",
        "chars":  [
                      "\\uE2B1"
                  ]
    },
    {
        "ascent":  16,
        "height":  16,
        "file":  "font/items_comp/quartz.png",
        "type":  "bitmap",
        "chars":  [
                      "\\uE2B2"
                  ]
    },
    {
        "ascent":  16,
        "height":  16,
        "file":  "font/items_comp/rabbit.png",
        "type":  "bitmap",
        "chars":  [
                      "\\uE2B3"
                  ]
    },
    {
        "ascent":  16,
        "height":  16,
        "file":  "font/items_comp/rabbit_foot.png",
        "type":  "bitmap",
        "chars":  [
                      "\\uE2B4"
                  ]
    },
    {
        "ascent":  16,
        "height":  16,
        "file":  "font/items_comp/rabbit_hide.png",
        "type":  "bitmap",
        "chars":  [
                      "\\uE2B5"
                  ]
    },
    {
        "ascent":  16,
        "height":  16,
        "file":  "font/items_comp/rabbit_stew.png",
        "type":  "bitmap",
        "chars":  [
                      "\\uE2B6"
                  ]
    },
    {
        "ascent":  16,
        "height":  16,
        "file":  "font/items_comp/red_dye.png",
        "type":  "bitmap",
        "chars":  [
                      "\\uE2B7"
                  ]
    },
    {
        "ascent":  16,
        "height":  16,
        "file":  "font/items_comp/redstone.png",
        "type":  "bitmap",
        "chars":  [
                      "\\uE2B8"
                  ]
    },
    {
        "ascent":  16,
        "height":  16,
        "file":  "font/items_comp/repeater.png",
        "type":  "bitmap",
        "chars":  [
                      "\\uE2B9"
                  ]
    },
    {
        "ascent":  16,
        "height":  16,
        "file":  "font/items_comp/rotten_flesh.png",
        "type":  "bitmap",
        "chars":  [
                      "\\uE2BA"
                  ]
    },
    {
        "ascent":  16,
        "height":  16,
        "file":  "font/items_comp/ruby.png",
        "type":  "bitmap",
        "chars":  [
                      "\\uE2BB"
                  ]
    },
    {
        "ascent":  16,
        "height":  16,
        "file":  "font/items_comp/salmon.png",
        "type":  "bitmap",
        "chars":  [
                      "\\uE2BC"
                  ]
    },
    {
        "ascent":  16,
        "height":  16,
        "file":  "font/items_comp/shears.png",
        "type":  "bitmap",
        "chars":  [
                      "\\uE2BD"
                  ]
    },
    {
        "ascent":  16,
        "height":  16,
        "file":  "font/items_comp/skull_creeper.png",
        "type":  "bitmap",
        "chars":  [
                      "\\uE2BE"
                  ]
    },
    {
        "ascent":  16,
        "height":  16,
        "file":  "font/items_comp/skull_skeleton.png",
        "type":  "bitmap",
        "chars":  [
                      "\\uE2BF"
                  ]
    },
    {
        "ascent":  16,
        "height":  16,
        "file":  "font/items_comp/skull_steve.png",
        "type":  "bitmap",
        "chars":  [
                      "\\uE2C0"
                  ]
    },
    {
        "ascent":  16,
        "height":  16,
        "file":  "font/items_comp/skull_wither.png",
        "type":  "bitmap",
        "chars":  [
                      "\\uE2C1"
                  ]
    },
    {
        "ascent":  16,
        "height":  16,
        "file":  "font/items_comp/skull_zombie.png",
        "type":  "bitmap",
        "chars":  [
                      "\\uE2C2"
                  ]
    },
    {
        "ascent":  16,
        "height":  16,
        "file":  "font/items_comp/slime_ball.png",
        "type":  "bitmap",
        "chars":  [
                      "\\uE2C3"
                  ]
    },
    {
        "ascent":  16,
        "height":  16,
        "file":  "font/items_comp/snowball.png",
        "type":  "bitmap",
        "chars":  [
                      "\\uE2C4"
                  ]
    },
    {
        "ascent":  16,
        "height":  16,
        "file":  "font/items_comp/spawn_egg.png",
        "type":  "bitmap",
        "chars":  [
                      "\\uE2C5"
                  ]
    },
    {
        "ascent":  16,
        "height":  16,
        "file":  "font/items_comp/spawn_egg_overlay.png",
        "type":  "bitmap",
        "chars":  [
                      "\\uE2C6"
                  ]
    },
    {
        "ascent":  16,
        "height":  16,
        "file":  "font/items_comp/spider_eye.png",
        "type":  "bitmap",
        "chars":  [
                      "\\uE2C7"
                  ]
    },
    {
        "ascent":  16,
        "height":  16,
        "file":  "font/items_comp/splash_potion.png",
        "type":  "bitmap",
        "chars":  [
                      "\\uE2C8"
                  ]
    },
    {
        "ascent":  16,
        "height":  16,
        "file":  "font/items_comp/stick.png",
        "type":  "bitmap",
        "chars":  [
                      "\\uE2C9"
                  ]
    },
    {
        "ascent":  16,
        "height":  16,
        "file":  "font/items_comp/stone_axe.png",
        "type":  "bitmap",
        "chars":  [
                      "\\uE2CA"
                  ]
    },
    {
        "ascent":  16,
        "height":  16,
        "file":  "font/items_comp/stone_hoe.png",
        "type":  "bitmap",
        "chars":  [
                      "\\uE2CB"
                  ]
    },
    {
        "ascent":  16,
        "height":  16,
        "file":  "font/items_comp/stone_pickaxe.png",
        "type":  "bitmap",
        "chars":  [
                      "\\uE2CC"
                  ]
    },
    {
        "ascent":  16,
        "height":  16,
        "file":  "font/items_comp/stone_shovel.png",
        "type":  "bitmap",
        "chars":  [
                      "\\uE2CD"
                  ]
    },
    {
        "ascent":  16,
        "height":  16,
        "file":  "font/items_comp/stone_sword.png",
        "type":  "bitmap",
        "chars":  [
                      "\\uE2CE"
                  ]
    },
    {
        "ascent":  16,
        "height":  16,
        "file":  "font/items_comp/string.png",
        "type":  "bitmap",
        "chars":  [
                      "\\uE2CF"
                  ]
    },
    {
        "ascent":  16,
        "height":  16,
        "file":  "font/items_comp/sugar.png",
        "type":  "bitmap",
        "chars":  [
                      "\\uE2D0"
                  ]
    },
    {
        "ascent":  16,
        "height":  16,
        "file":  "font/items_comp/sugar_cane.png",
        "type":  "bitmap",
        "chars":  [
                      "\\uE2D1"
                  ]
    },
    {
        "ascent":  16,
        "height":  16,
        "file":  "font/items_comp/tnt_minecart.png",
        "type":  "bitmap",
        "chars":  [
                      "\\uE2D2"
                  ]
    },
    {
        "ascent":  16,
        "height":  16,
        "file":  "font/items_comp/tropical_fish.png",
        "type":  "bitmap",
        "chars":  [
                      "\\uE2D3"
                  ]
    },
    {
        "ascent":  16,
        "height":  16,
        "file":  "font/items_comp/unused.png",
        "type":  "bitmap",
        "chars":  [
                      "\\uE2D4"
                  ]
    },
    {
        "ascent":  16,
        "height":  16,
        "file":  "font/items_comp/water_bucket.png",
        "type":  "bitmap",
        "chars":  [
                      "\\uE2D5"
                  ]
    },
    {
        "ascent":  16,
        "height":  16,
        "file":  "font/items_comp/wheat.png",
        "type":  "bitmap",
        "chars":  [
                      "\\uE2D6"
                  ]
    },
    {
        "ascent":  16,
        "height":  16,
        "file":  "font/items_comp/wheat_seeds.png",
        "type":  "bitmap",
        "chars":  [
                      "\\uE2D7"
                  ]
    },
    {
        "ascent":  16,
        "height":  16,
        "file":  "font/items_comp/white_dye.png",
        "type":  "bitmap",
        "chars":  [
                      "\\uE2D8"
                  ]
    },
    {
        "ascent":  16,
        "height":  16,
        "file":  "font/items_comp/wooden_axe.png",
        "type":  "bitmap",
        "chars":  [
                      "\\uE2D9"
                  ]
    },
    {
        "ascent":  16,
        "height":  16,
        "file":  "font/items_comp/wooden_hoe.png",
        "type":  "bitmap",
        "chars":  [
                      "\\uE2DA"
                  ]
    },
    {
        "ascent":  16,
        "height":  16,
        "file":  "font/items_comp/wooden_pickaxe.png",
        "type":  "bitmap",
        "chars":  [
                      "\\uE2DB"
                  ]
    },
    {
        "ascent":  16,
        "height":  16,
        "file":  "font/items_comp/wooden_shovel.png",
        "type":  "bitmap",
        "chars":  [
                      "\\uE2DC"
                  ]
    },
    {
        "ascent":  16,
        "height":  16,
        "file":  "font/items_comp/wooden_sword.png",
        "type":  "bitmap",
        "chars":  [
                      "\\uE2DD"
                  ]
    },
    {
        "ascent":  16,
        "height":  16,
        "file":  "font/items_comp/writable_book.png",
        "type":  "bitmap",
        "chars":  [
                      "\\uE2DE"
                  ]
    },
    {
        "ascent":  16,
        "height":  16,
        "file":  "font/items_comp/written_book.png",
        "type":  "bitmap",
        "chars":  [
                      "\\uE2DF"
                  ]
    },
    {
        "ascent":  16,
        "height":  16,
        "file":  "font/items_comp/yellow_dye.png",
        "type":  "bitmap",
        "chars":  [
                      "\\uE2E0"
                  ]
    }
]
